"","PLACEFIPS","PostGFProtestCount"
"1","0100988",15
"2","0101708",1
"3","0101852",1
"4","0102860",1
"5","0102956",3
"6","0103076",6
"7","0107000",17
"8","0109208",1
"9","0111032",1
"10","0118976",2
"11","0119336",1
"12","0119648",1
"13","0120104",1
"14","0121184",2
"15","0123320",2
"16","0126896",7
"17","0126992",1
"18","0127616",1
"19","0128696",12
"20","0132416",2
"21","0135800",1
"22","0135896",5
"23","0137000",13
"24","0138272",1
"25","0138416",1
"26","0145784",4
"27","0150000",12
"28","0151000",21
"29","0151600",1
"30","0151696",2
"31","0153016",1
"32","0157048",3
"33","0157144",1
"34","0158848",1
"35","0159472",1
"36","0163336",1
"37","0169120",2
"38","0171976",1
"39","0174352",1
"40","0174400",1
"41","0174592",3
"42","0176920",3
"43","0177256",4
"44","0177304",3
"45","0178552",2
"46","0181720",1
"47","0203000",24
"48","0206520",1
"49","0217410",3
"50","0218620",1
"51","0218950",1
"52","0224230",4
"53","0231050",1
"54","0232150",1
"55","0233140",11
"56","0236400",7
"57","0238970",3
"58","0240950",1
"59","0241830",1
"60","0254920",1
"61","0258660",3
"62","0270540",2
"63","0270760",1
"64","0271640",4
"65","0274830",1
"66","0280660",1
"67","0282200",1
"68","0283080",2
"69","0400870",1
"70","0406260",2
"71","0408220",3
"72","0410180",1
"73","0410530",2
"74","0412000",4
"75","0412840",1
"76","0414380",1
"77","0415500",2
"78","0420050",32
"79","0423620",13
"80","0423760",1
"81","0425300",2
"82","0427400",9
"83","0427820",3
"84","0428380",1
"85","0429710",3
"86","0437620",5
"87","0439370",5
"88","0444270",2
"89","0444410",2
"90","0446000",9
"91","0449640",4
"92","0451180",1
"93","0452930",2
"94","0453700",4
"95","0454050",1
"96","0455000",95
"97","0457380",7
"98","0457450",3
"99","0458150",1
"100","0462000",1
"101","0462140",2
"102","0465000",9
"103","0466470",1
"104","0466820",5
"105","0466845",1
"106","0471510",1
"107","0473000",9
"108","0477000",110
"109","0482740",2
"110","0483160",1
"111","0485540",6
"112","0501870",1
"113","0504030",1
"114","0505290",2
"115","0505320",5
"116","0510300",1
"117","0514140",2
"118","0515190",5
"119","0516240",1
"120","0521070",6
"121","0523290",3
"122","0524550",14
"123","0530460",4
"124","0533400",3
"125","0534750",2
"126","0535710",5
"127","0541000",26
"128","0546580",1
"129","0547390",2
"130","0550450",1
"131","0555310",1
"132","0557170",1
"133","0560410",3
"134","0561670",2
"135","0563020",1
"136","0563710",2
"137","0564370",1
"138","0566080",3
"139","0568810",1
"140","0571960",1
"141","0600296",6
"142","0600394",1
"143","0600562",11
"144","0600674",4
"145","0600884",3
"146","0600947",1
"147","0601290",2
"148","0601640",1
"149","0602000",12
"150","0602112",1
"151","0602252",11
"152","0602294",1
"153","0602364",2
"154","0602476",1
"155","0602868",1
"156","0602924",1
"157","0602980",1
"158","0603064",1
"159","0603092",2
"160","0603162",2
"161","0603204",3
"162","0603302",1
"163","0603526",32
"164","0603820",2
"165","0604030",1
"166","0604758",1
"167","0605290",3
"168","0606000",44
"169","0606308",39
"170","0606434",8
"171","0606798",6
"172","0608100",2
"173","0608142",15
"174","0608310",1
"175","0608758",1
"176","0608786",2
"177","0608954",5
"178","0609066",1
"179","0609324",1
"180","0609598",3
"181","0609710",2
"182","0609892",1
"183","0610046",3
"184","0610074",1
"185","0610345",1
"186","0610508",1
"187","0611040",1
"188","0611194",8
"189","0611324",1
"190","0611530",1
"191","0611964",8
"192","0612524",1
"193","0612552",1
"194","0613014",12
"195","0613210",2
"196","0613214",1
"197","0613294",1
"198","0613392",6
"199","0613588",1
"200","0613756",6
"201","0613882",2
"202","0613945",1
"203","0614190",1
"204","0614218",5
"205","0614274",1
"206","0614498",1
"207","0614946",1
"208","0615044",6
"209","0616000",3
"210","0616224",2
"211","0616350",1
"212","0616378",2
"213","0616532",8
"214","0616742",1
"215","0617022",2
"216","0617568",2
"217","0617610",1
"218","0617750",1
"219","0617918",2
"220","0617946",2
"221","0617988",6
"222","0618100",5
"223","0618394",4
"224","0618506",3
"225","0618996",1
"226","0619155",2
"227","0619192",3
"228","0619339",2
"229","0619402",1
"230","0619766",1
"231","0620018",3
"232","0620697",1
"233","0620802",2
"234","0620956",8
"235","0621712",5
"236","0621782",6
"237","0621796",11
"238","0622020",1
"239","0622230",1
"240","0622300",5
"241","0622412",2
"242","0622454",1
"243","0622594",1
"244","0622678",16
"245","0622804",5
"246","0623042",10
"247","0623168",4
"248","0623182",20
"249","0623294",5
"250","0623826",1
"251","0624638",4
"252","0624680",4
"253","0625058",3
"254","0625296",2
"255","0625380",2
"256","0625534",1
"257","0626000",13
"258","0627000",26
"259","0628000",5
"260","0628154",2
"261","0628168",1
"262","0629000",1
"263","0629504",1
"264","0630000",6
"265","0630014",1
"266","0630798",9
"267","0630994",1
"268","0631393",2
"269","0631568",3
"270","0631708",5
"271","0631960",3
"272","0632548",1
"273","0633000",7
"274","0633056",4
"275","0633182",2
"276","0633434",1
"277","0633588",1
"278","0634120",6
"279","0636000",22
"280","0636294",4
"281","0636448",1
"282","0636546",3
"283","0636616",3
"284","0636770",8
"285","0636868",1
"286","0637554",1
"287","0637582",2
"288","0638520",1
"289","0639045",1
"290","0639122",48
"291","0639178",4
"292","0639248",3
"293","0639259",2
"294","0639290",2
"295","0639304",2
"296","0639486",1
"297","0639496",1
"298","0639766",2
"299","0639892",3
"300","0640004",5
"301","0640032",1
"302","0640130",1
"303","0640340",1
"304","0640354",3
"305","0640438",7
"306","0640704",1
"307","0640830",1
"308","0640956",1
"309","0641152",1
"310","0641992",7
"311","0642202",17
"312","0642524",4
"313","0643000",20
"314","0643140",2
"315","0643224",1
"316","0643280",4
"317","0644000",517
"318","0644028",1
"319","0644112",9
"320","0644574",3
"321","0644760",1
"322","0645022",1
"323","0645246",3
"324","0645400",7
"325","0645484",6
"326","0645778",3
"327","0645820",6
"328","0645932",1
"329","0646114",5
"330","0646170",2
"331","0646814",1
"332","0646870",6
"333","0646898",3
"334","0647374",1
"335","0647710",11
"336","0647766",2
"337","0647822",3
"338","0648354",12
"339","0648648",2
"340","0648816",1
"341","0648844",1
"342","0648872",10
"343","0649138",2
"344","0649187",1
"345","0649270",1
"346","0649278",7
"347","0649362",2
"348","0649582",1
"349","0649670",7
"350","0649852",1
"351","0650258",16
"352","0650398",1
"353","0650874",17
"354","0650916",3
"355","0651182",8
"356","0651476",2
"357","0651560",5
"358","0652582",15
"359","0652694",3
"360","0652764",1
"361","0653000",153
"362","0653070",6
"363","0653294",1
"364","0653322",7
"365","0653476",2
"366","0653896",1
"367","0653980",3
"368","0654120",1
"369","0654232",1
"370","0654274",1
"371","0654386",5
"372","0654652",7
"373","0654806",1
"374","0655156",4
"375","0655184",7
"376","0655254",8
"377","0655282",52
"378","0655380",1
"379","0655618",1
"380","0656000",14
"381","0656700",2
"382","0656784",9
"383","0657288",3
"384","0657414",1
"385","0657456",3
"386","0657526",3
"387","0657540",7
"388","0657764",1
"389","0657792",7
"390","0658072",5
"391","0658240",2
"392","0658380",28
"393","0658520",9
"394","0659080",1
"395","0659346",5
"396","0659444",1
"397","0659451",6
"398","0659500",2
"399","0659514",2
"400","0659587",1
"401","0659892",7
"402","0659920",13
"403","0659962",10
"404","0660018",4
"405","0660102",10
"406","0660466",1
"407","0660620",15
"408","0660704",5
"409","0662000",8
"410","0662364",2
"411","0662546",2
"412","0662602",1
"413","0662938",10
"414","0663218",1
"415","0664000",87
"416","0664224",9
"417","0664434",1
"418","0665000",6
"419","0665028",1
"420","0665042",14
"421","0665070",3
"422","0665084",5
"423","0666000",168
"424","0666140",1
"425","0667000",194
"426","0667042",1
"427","0668000",109
"428","0668014",1
"429","0668084",7
"430","0668154",39
"431","0668196",2
"432","0668224",1
"433","0668252",7
"434","0668294",1
"435","0668364",17
"436","0668378",3
"437","0669000",15
"438","0669070",17
"439","0669084",4
"440","0669088",17
"441","0669112",23
"442","0669196",12
"443","0670000",14
"444","0670042",1
"445","0670098",27
"446","0670224",10
"447","0670280",1
"448","0670364",5
"449","0670588",1
"450","0670686",2
"451","0670742",11
"452","0670770",8
"453","0671806",2
"454","0672016",3
"455","0672506",3
"456","0672520",3
"457","0672576",6
"458","0672646",4
"459","0672674",34
"460","0673108",6
"461","0673220",10
"462","0673262",4
"463","0673696",1
"464","0673906",6
"465","0675000",16
"466","0677000",10
"467","0678092",9
"468","0678120",8
"469","0678148",1
"470","0678162",1
"471","0678582",13
"472","0678666",2
"473","0678960",1
"474","0680000",9
"475","0680238",3
"476","0680588",3
"477","0680812",9
"478","0681134",2
"479","0681204",3
"480","0681344",3
"481","0681554",15
"482","0681666",17
"483","0682590",5
"484","0682954",9
"485","0682996",3
"486","0683332",1
"487","0683346",24
"488","0683542",1
"489","0683668",6
"490","0683794",1
"491","0684200",1
"492","0684410",9
"493","0684438",1
"494","0684550",4
"495","0684928",1
"496","0685292",7
"497","0685600",2
"498","0685922",1
"499","0686034",1
"500","0686328",5
"501","0686832",3
"502","0686944",2
"503","0687042",11
"504","0687056",2
"505","0801090",2
"506","0803455",3
"507","0803620",7
"508","0804000",19
"509","0804110",1
"510","0806255",3
"511","0807850",14
"512","0808400",3
"513","0809280",2
"514","0811810",1
"515","0812045",1
"516","0812415",4
"517","0812815",1
"518","0816000",39
"519","0817375",9
"520","0817760",1
"521","0818310",4
"522","0819850",1
"523","0820000",109
"524","0820770",1
"525","0822035",14
"526","0822860",2
"527","0823300",1
"528","0823740",1
"529","0824785",1
"530","0824950",2
"531","0825115",5
"532","0825390",3
"533","0827425",11
"534","0827810",1
"535","0828305",2
"536","0830340",1
"537","0830780",3
"538","0830835",1
"539","0831660",10
"540","0832155",4
"541","0833035",2
"542","0833640",1
"543","0836410",2
"544","0838535",1
"545","0841560",2
"546","0841835",2
"547","0843000",3
"548","0845255",1
"549","0845955",1
"550","0845970",16
"551","0846355",2
"552","0846465",3
"553","0847070",3
"554","0848445",1
"555","0851745",4
"556","0854880",1
"557","0856420",1
"558","0857400",1
"559","0857630",1
"560","0862000",14
"561","0864200",1
"562","0864255",3
"563","0867280",2
"564","0870580",1
"565","0873825",4
"566","0873935",3
"567","0876795",2
"568","0880040",1
"569","0883835",2
"570","0901150",3
"571","0904790",3
"572","0904945",1
"573","0907345",2
"574","0908000",18
"575","0908420",4
"576","0908770",3
"577","0914200",2
"578","0915420",1
"579","0915840",2
"580","0917835",3
"581","0918220",3
"582","0918430",9
"583","0919200",1
"584","0919480",2
"585","0920740",1
"586","0922420",1
"587","0922700",3
"588","0922980",4
"589","0926370",1
"590","0931270",1
"591","0933690",10
"592","0934180",2
"593","0935020",1
"594","0937000",58
"595","0937770",1
"596","0937930",33
"597","0938050",1
"598","0939940",1
"599","0940150",3
"600","0941830",3
"601","0943300",1
"602","0944630",3
"603","0944690",14
"604","0946450",3
"605","0947290",4
"606","0947515",2
"607","0949810",3
"608","0949880",3
"609","0950370",5
"610","0952000",42
"611","0952210",1
"612","0952280",7
"613","0952770",1
"614","0952910",1
"615","0953120",3
"616","0954940",10
"617","0955990",5
"618","0956200",14
"619","0957390",5
"620","0960090",1
"621","0960260",1
"622","0961870",2
"623","0962640",1
"624","0963900",1
"625","0966455",1
"626","0967890",1
"627","0968100",3
"628","0969150",1
"629","0971530",2
"630","0972300",2
"631","0973000",18
"632","0973700",5
"633","0973980",1
"634","0975660",1
"635","0976500",8
"636","0978880",3
"637","0980000",9
"638","0980210",2
"639","0980420",1
"640","0980770",5
"641","0982660",15
"642","0982800",2
"643","0984970",2
"644","0985810",5
"645","0986380",1
"646","0987140",6
"647","0987980",1
"648","1010760",1
"649","1021200",8
"650","1028310",1
"651","1029090",1
"652","1031430",1
"653","1041830",3
"654","1047030",1
"655","1047420",1
"656","1047940",1
"657","1050670",1
"658","1050800",2
"659","1053920",1
"660","1054050",1
"661","1060290",3
"662","1064320",1
"663","1064840",1
"664","1077580",18
"665","1150000",620
"666","1200625",1
"667","1201700",1
"668","1205375",1
"669","1207300",13
"670","1207525",1
"671","1207875",3
"672","1207950",12
"673","1208700",1
"674","1210250",1
"675","1210275",3
"676","1211050",1
"677","1211975",1
"678","1212875",6
"679","1212925",2
"680","1213150",4
"681","1213175",2
"682","1213275",1
"683","1214250",4
"684","1214400",1
"685","1215300",2
"686","1216125",1
"687","1216335",1
"688","1216450",4
"689","1216475",14
"690","1216525",5
"691","1216550",1
"692","1216800",3
"693","1216875",4
"694","1217100",3
"695","1217325",2
"696","1217935",3
"697","1218575",1
"698","1220825",1
"699","1222175",1
"700","1222660",1
"701","1224000",26
"702","1224125",23
"703","1224300",2
"704","1224475",4
"705","1224825",4
"706","1224925",2
"707","1225175",23
"708","1225925",1
"709","1227650",1
"710","1228000",1
"711","1228175",1
"712","1228400",1
"713","1230000",2
"714","1230975",1
"715","1232000",2
"716","1232275",2
"717","1233250",2
"718","1233700",1
"719","1235000",39
"720","1235050",2
"721","1235550",2
"722","1235875",6
"723","1235890",2
"724","1236375",1
"725","1236550",4
"726","1236950",3
"727","1237375",1
"728","1237775",2
"729","1238250",7
"730","1239200",1
"731","1239425",4
"732","1239550",2
"733","1239875",1
"734","1239925",2
"735","1241250",1
"736","1241825",1
"737","1242400",1
"738","1242575",1
"739","1243083",2
"740","1243175",1
"741","1243975",4
"742","1245000",70
"743","1245025",2
"744","1245060",1
"745","1245100",3
"746","1245175",1
"747","1245225",1
"748","1245350",1
"749","1245750",2
"750","1245975",3
"751","1247050",3
"752","1247625",13
"753","1248050",2
"754","1248500",7
"755","1248625",4
"756","1248875",1
"757","1249225",1
"758","1249450",1
"759","1249675",1
"760","1250750",8
"761","1251075",1
"762","1251350",1
"763","1251650",1
"764","1252125",4
"765","1253000",61
"766","1253150",34
"767","1253425",1
"768","1253875",5
"769","1254000",2
"770","1254025",8
"771","1254075",3
"772","1254175",2
"773","1254200",2
"774","1254250",2
"775","1254350",2
"776","1254450",2
"777","1254525",2
"778","1254700",8
"779","1254725",2
"780","1255125",1
"781","1255775",3
"782","1255925",20
"783","1257250",1
"784","1257425",1
"785","1257550",2
"786","1258050",2
"787","1258350",4
"788","1258575",1
"789","1258715",2
"790","1259200",3
"791","1259325",1
"792","1259675",1
"793","1260950",2
"794","1260975",3
"795","1261500",1
"796","1261875",1
"797","1262500",15
"798","1262625",1
"799","1263000",49
"800","1263650",5
"801","1264175",20
"802","1264825",1
"803","1264875",4
"804","1267675",1
"805","1268100",1
"806","1268525",1
"807","1268875",7
"808","1269700",1
"809","1270075",1
"810","1270600",54
"811","1270675",1
"812","1271000",76
"813","1271225",3
"814","1271250",1
"815","1271400",1
"816","1271625",4
"817","1271900",2
"818","1274150",5
"819","1274368",2
"820","1275725",1
"821","1275812",4
"822","1275875",1
"823","1276500",2
"824","1276582",2
"825","1276600",28
"826","1277825",1
"827","1278000",1
"828","1278050",4
"829","1278300",1
"830","1279225",1
"831","1300408",2
"832","1301052",3
"833","1301696",3
"834","1302116",3
"835","1303440",62
"836","1304000",101
"837","1304204",23
"838","1304644",3
"839","1304896",1
"840","1308284",1
"841","1308844",1
"842","1310076",1
"843","1311560",6
"844","1311784",2
"845","1312400",2
"846","1312456",1
"847","1312988",2
"848","1313492",3
"849","1313688",2
"850","1314500",1
"851","1316544",1
"852","1316600",1
"853","1316656",1
"854","1316824",1
"855","1317328",1
"856","1319000",12
"857","1319336",2
"858","1320064",5
"859","1320288",1
"860","1320932",5
"861","1321184",1
"862","1321240",1
"863","1321380",5
"864","1322052",11
"865","1323900",1
"866","1324376",1
"867","1324600",3
"868","1324768",1
"869","1328044",4
"870","1328380",1
"871","1330732",1
"872","1331908",9
"873","1332048",1
"874","1335716",1
"875","1337144",1
"876","1337564",2
"877","1338124",1
"878","1338964",1
"879","1341596",1
"880","1341988",1
"881","1342100",1
"882","1342268",1
"883","1342425",2
"884","1342604",3
"885","1343192",4
"886","1343640",1
"887","1344340",7
"888","1345488",2
"889","1346356",1
"890","1346552",1
"891","1347784",1
"892","1347896",1
"893","1348624",5
"894","1349008",16
"895","1349100",6
"896","1349196",1
"897","1349532",1
"898","1349756",14
"899","1350036",1
"900","1351492",2
"901","1351670",1
"902","1352192",1
"903","1353060",5
"904","1355020",20
"905","1355776",1
"906","1357428",1
"907","1359724",2
"908","1360340",1
"909","1362328",1
"910","1365044",1
"911","1365324",4
"912","1365464",1
"913","1366668",10
"914","1368040",1
"915","1368208",1
"916","1368516",3
"917","1369000",32
"918","1371492",5
"919","1373256",4
"920","1373704",2
"921","1373784",1
"922","1373816",10
"923","1374936",6
"924","1375160",1
"925","1376224",6
"926","1376280",2
"927","1377652",1
"928","1378036",1
"929","1378800",9
"930","1380480",1
"931","1380508",6
"932","1380788",2
"933","1380956",1
"934","1380984",1
"935","1383420",1
"936","1384176",4
"937","1509260",1
"938","1512530",1
"939","1514650",38
"940","1520000",1
"941","1522700",5
"942","1523000",3
"943","1523150",1
"944","1528250",1
"945","1528850",2
"946","1530300",2
"947","1536500",1
"948","1541600",4
"949","1545200",5
"950","1551050",1
"951","1553300",1
"952","1553900",1
"953","1559900",1
"954","1571550",34
"955","1578500",1
"956","1606220",1
"957","1608830",190
"958","1612250",3
"959","1616750",24
"960","1622510",1
"961","1628990",3
"962","1634390",4
"963","1639700",8
"964","1643030",4
"965","1646540",4
"966","1652120",5
"967","1654550",11
"968","1656260",3
"969","1657250",1
"970","1661300",1
"971","1664090",5
"972","1667420",2
"973","1672100",8
"974","1682810",6
"975","1684250",1
"976","1700685",3
"977","1701114",3
"978","1701543",1
"979","1701595",1
"980","1702154",4
"981","1703012",4
"982","1703844",4
"983","1704078",2
"984","1704351",1
"985","1704845",9
"986","1705300",1
"987","1705573",1
"988","1706613",9
"989","1707133",1
"990","1707744",1
"991","1709447",3
"992","1710110",1
"993","1710487",1
"994","1711163",12
"995","1711332",1
"996","1711514",1
"997","1712164",1
"998","1712385",15
"999","1712567",2
"1000","1712931",1
"1001","1714000",238
"1002","1714351",2
"1003","1715599",1
"1004","1715833",1
"1005","1717887",8
"1006","1718563",2
"1007","1718823",12
"1008","1718992",6
"1009","1719161",8
"1010","1719642",2
"1011","1720162",1
"1012","1720591",2
"1013","1721267",2
"1014","1722073",1
"1015","1722255",1
"1016","1722697",5
"1017","1722736",3
"1018","1722931",1
"1019","1723074",9
"1020","1723256",2
"1021","1723620",3
"1022","1724582",30
"1023","1724608",5
"1024","1724634",1
"1025","1726454",1
"1026","1726571",1
"1027","1727806",1
"1028","1727884",4
"1029","1728326",3
"1030","1728872",2
"1031","1728963",1
"1032","1729080",1
"1033","1729125",1
"1034","1729756",2
"1035","1729938",5
"1036","1731121",1
"1037","1732746",1
"1038","1733136",1
"1039","1734358",2
"1040","1734670",4
"1041","1734722",2
"1042","1735307",2
"1043","1735879",1
"1044","1736750",1
"1045","1737907",1
"1046","1738115",2
"1047","1738414",1
"1048","1738570",18
"1049","1738934",1
"1050","1739727",2
"1051","1740767",3
"1052","1741105",4
"1053","1742184",2
"1054","1743250",2
"1055","1743536",2
"1056","1743666",1
"1057","1743939",1
"1058","1745031",1
"1059","1745694",1
"1060","1745889",3
"1061","1746136",1
"1062","1746916",4
"1063","1747150",1
"1064","1747423",1
"1065","1747540",1
"1066","1747553",1
"1067","1747774",2
"1068","1748645",1
"1069","1749607",1
"1070","1749867",31
"1071","1749945",1
"1072","1750010",1
"1073","1750244",1
"1074","1750491",3
"1075","1750621",3
"1076","1750647",1
"1077","1751089",1
"1078","1751180",1
"1079","1751349",1
"1080","1751453",1
"1081","1751622",8
"1082","1752116",1
"1083","1752584",1
"1084","1753000",1
"1085","1753234",6
"1086","1753442",1
"1087","1753481",4
"1088","1754820",3
"1089","1754885",5
"1090","1755249",1
"1091","1756484",1
"1092","1756640",3
"1093","1756887",2
"1094","1756926",3
"1095","1757225",6
"1096","1757381",1
"1097","1757875",6
"1098","1758447",3
"1099","1759000",49
"1100","1759884",1
"1101","1760287",3
"1102","1761015",1
"1103","1761899",1
"1104","1762367",4
"1105","1762783",1
"1106","1764421",1
"1107","1765000",127
"1108","1765078",4
"1109","1765819",1
"1110","1766703",4
"1111","1767548",1
"1112","1768003",7
"1113","1770122",1
"1114","1770590",3
"1115","1771448",1
"1116","1772000",13
"1117","1772546",1
"1118","1773170",1
"1119","1773391",1
"1120","1774119",1
"1121","1774574",2
"1122","1775484",1
"1123","1775614",1
"1124","1776407",3
"1125","1777005",4
"1126","1777694",2
"1127","1777993",1
"1128","1779150",1
"1129","1779293",8
"1130","1781048",1
"1131","1782075",3
"1132","1782530",1
"1133","1783349",9
"1134","1800820",1
"1135","1800910",2
"1136","1801468",9
"1137","1801666",1
"1138","1802674",4
"1139","1804114",3
"1140","1805860",21
"1141","1810342",3
"1142","1812628",1
"1143","1812934",2
"1144","1814734",5
"1145","1814932",1
"1146","1815256",1
"1147","1815742",3
"1148","1816138",3
"1149","1819270",1
"1150","1819486",2
"1151","1820728",4
"1152","1822000",15
"1153","1823278",1
"1154","1825000",27
"1155","1825702",1
"1156","1827000",4
"1157","1828386",15
"1158","1829358",1
"1159","1829520",4
"1160","1829898",2
"1161","1830042",2
"1162","1831000",3
"1163","1833142",1
"1164","1833466",2
"1165","1834114",3
"1166","1835302",2
"1167","1836003",48
"1168","1837782",3
"1169","1838358",6
"1170","1840392",4
"1171","1840788",8
"1172","1841535",2
"1173","1842246",2
"1174","1842426",2
"1175","1842462",2
"1176","1845144",1
"1177","1845990",1
"1178","1846908",3
"1179","1847448",4
"1180","1848528",2
"1181","1848798",1
"1182","1848924",1
"1183","1849932",7
"1184","1850202",1
"1185","1850976",1
"1186","1851732",1
"1187","1851876",11
"1188","1851912",2
"1189","1852038",1
"1190","1852326",2
"1191","1854180",2
"1192","1857780",2
"1193","1858662",1
"1194","1859328",1
"1195","1860822",2
"1196","1861092",3
"1197","1861236",2
"1198","1862046",1
"1199","1864260",6
"1200","1866438",1
"1201","1866852",3
"1202","1868220",2
"1203","1868832",3
"1204","1869318",1
"1205","1871000",19
"1206","1875428",18
"1207","1878326",6
"1208","1879208",1
"1209","1879370",1
"1210","1880306",2
"1211","1880504",1
"1212","1882376",1
"1213","1882862",3
"1214","1884014",1
"1215","1886084",1
"1216","1886372",2
"1217","1901135",1
"1218","1901855",6
"1219","1902305",2
"1220","1903520",1
"1221","1906355",3
"1222","1907480",2
"1223","1909550",1
"1224","1911215",2
"1225","1911755",4
"1226","1912000",16
"1227","1912270",1
"1228","1912765",1
"1229","1914430",1
"1230","1916230",3
"1231","1916860",1
"1232","1917220",1
"1233","1919000",9
"1234","1919405",3
"1235","1919945",1
"1236","1921000",61
"1237","1922395",9
"1238","1926445",2
"1239","1928380",1
"1240","1928515",2
"1241","1932790",1
"1242","1933105",1
"1243","1933195",1
"1244","1938280",1
"1245","1938595",58
"1246","1940845",2
"1247","1942015",1
"1248","1944400",2
"1249","1949215",1
"1250","1949485",2
"1251","1949755",1
"1252","1950160",3
"1253","1954840",1
"1254","1955110",1
"1255","1956505",2
"1256","1957675",2
"1257","1959925",1
"1258","1960465",2
"1259","1973335",9
"1260","1974280",1
"1261","1975630",2
"1262","1975675",1
"1263","1982200",1
"1264","1982425",10
"1265","1984900",1
"1266","2000125",1
"1267","2002900",1
"1268","2009000",1
"1269","2010600",1
"1270","2014600",1
"1271","2017800",2
"1272","2018250",1
"1273","2020075",1
"1274","2021275",2
"1275","2025325",1
"1276","2025425",2
"1277","2028300",1
"1278","2030825",1
"1279","2031100",2
"1280","2033625",5
"1281","2035750",2
"1282","2036000",9
"1283","2038900",12
"1284","2039000",2
"1285","2039075",1
"1286","2039350",1
"1287","2039825",3
"1288","2043950",1
"1289","2044250",11
"1290","2050475",1
"1291","2052575",6
"1292","2053725",1
"1293","2053775",34
"1294","2054675",1
"1295","2056025",3
"1296","2057575",1
"1297","2057625",1
"1298","2062700",1
"1299","2068200",1
"1300","2071000",21
"1301","2073250",1
"1302","2076475",1
"1303","2079000",22
"1304","2079950",5
"1305","2102368",3
"1306","2103574",1
"1307","2103628",1
"1308","2105824",3
"1309","2105842",6
"1310","2108902",17
"1311","2111278",1
"1312","2111692",1
"1313","2117362",3
"1314","2117848",2
"1315","2119882",3
"1316","2123824",1
"1317","2124274",2
"1318","2124778",1
"1319","2125300",1
"1320","2127982",1
"1321","2128558",1
"1322","2128612",1
"1323","2128900",17
"1324","2128918",1
"1325","2130700",2
"1326","2131114",1
"1327","2132572",5
"1328","2133022",1
"1329","2134732",1
"1330","2134966",1
"1331","2135362",1
"1332","2135866",4
"1333","2137918",4
"1334","2139430",1
"1335","2140222",1
"1336","2143480",1
"1337","2144686",1
"1338","2146027",38
"1339","2147476",2
"1340","2149116",1
"1341","2149368",3
"1342","2151024",1
"1343","2153418",1
"1344","2154084",1
"1345","2154642",7
"1346","2155884",1
"1347","2156136",1
"1348","2157090",1
"1349","2158620",10
"1350","2158836",11
"1351","2158962",1
"1352","2160852",2
"1353","2162940",1
"1354","2163138",1
"1355","2165226",5
"1356","2167512",2
"1357","2167944",1
"1358","2170050",1
"1359","2171688",3
"1360","2179482",2
"1361","2180490",1
"1362","2182776",2
"1363","2183676",3
"1364","2200100",1
"1365","2200975",4
"1366","2203985",1
"1367","2204020",2
"1368","2205000",26
"1369","2206120",1
"1370","2208920",2
"1371","2218125",2
"1372","2218650",2
"1373","2220435",2
"1374","2220610",1
"1375","2226280",1
"1376","2227155",1
"1377","2229850",3
"1378","2232755",1
"1379","2233245",3
"1380","2233420",1
"1381","2236255",3
"1382","2240735",16
"1383","2240840",1
"1384","2241050",1
"1385","2241155",6
"1386","2242030",1
"1387","2243010",1
"1388","2248365",1
"1389","2248785",1
"1390","2250115",1
"1391","2250885",2
"1392","2251410",2
"1393","2252075",1
"1394","2253545",1
"1395","2254035",1
"1396","2255000",41
"1397","2257450",1
"1398","2258045",2
"1399","2260495",3
"1400","2261790",1
"1401","2266655",1
"1402","2267215",2
"1403","2267600",2
"1404","2270000",18
"1405","2270805",2
"1406","2274690",1
"1407","2275425",1
"1408","2279240",1
"1409","2279870",1
"1410","2282460",1
"1411","2282495",1
"1412","2283405",1
"1413","2302060",4
"1414","2302100",11
"1415","2302795",15
"1416","2302830",4
"1417","2303355",9
"1418","2303950",38
"1419","2306925",4
"1420","2307135",1
"1421","2308395",3
"1422","2308780",18
"1423","2309690",4
"1424","2310320",2
"1425","2310565",2
"1426","2312770",1
"1427","2315500",1
"1428","2316200",1
"1429","2318230",1
"1430","2321730",2
"1431","2323200",4
"1432","2324285",1
"1433","2324740",31
"1434","2325720",1
"1435","2326875",1
"1436","2328205",1
"1437","2330060",1
"1438","2330760",3
"1439","2333945",2
"1440","2336500",3
"1441","2338740",7
"1442","2341925",1
"1443","2342485",1
"1444","2342625",1
"1445","2348610",3
"1446","2353965",2
"1447","2355225",1
"1448","2355575",3
"1449","2360545",33
"1450","2360825",4
"1451","2363590",6
"1452","2364675",1
"1453","2365725",2
"1454","2368875",1
"1455","2371780",2
"1456","2371990",2
"1457","2376925",1
"1458","2380740",3
"1459","2386480",1
"1460","2386935",5
"1461","2387040",2
"1462","2401600",24
"1463","2401975",1
"1464","2404000",114
"1465","2405550",6
"1466","2406800",1
"1467","2407125",21
"1468","2408775",1
"1469","2411750",1
"1470","2412400",4
"1471","2413000",1
"1472","2414125",1
"1473","2415925",1
"1474","2416225",2
"1475","2416787",2
"1476","2417900",2
"1477","2418250",2
"1478","2418750",3
"1479","2419125",3
"1480","2420875",3
"1481","2421325",6
"1482","2421475",1
"1483","2422050",1
"1484","2422725",1
"1485","2423975",1
"1486","2424475",4
"1487","2425050",1
"1488","2425150",1
"1489","2425750",1
"1490","2425800",9
"1491","2426000",5
"1492","2427700",1
"1493","2429000",1
"1494","2429400",1
"1495","2429525",1
"1496","2430325",17
"1497","2430900",5
"1498","2431175",4
"1499","2432025",2
"1500","2432500",1
"1501","2434525",1
"1502","2434550",1
"1503","2436075",4
"1504","2437600",1
"1505","2441250",2
"1506","2442875",1
"1507","2445325",2
"1508","2445750",1
"1509","2445900",1
"1510","2446475",1
"1511","2449950",1
"1512","2451075",1
"1513","2452300",2
"1514","2453875",1
"1515","2455018",1
"1516","2456375",1
"1517","2456450",3
"1518","2457650",2
"1519","2458225",3
"1520","2458300",1
"1521","2458900",5
"1522","2460975",1
"1523","2462475",1
"1524","2463300",1
"1525","2463950",1
"1526","2465600",3
"1527","2466275",1
"1528","2466635",1
"1529","2466762",1
"1530","2467400",1
"1531","2467675",5
"1532","2469925",4
"1533","2471200",8
"1534","2471450",1
"1535","2472450",8
"1536","2475025",1
"1537","2476550",4
"1538","2476650",3
"1539","2476725",1
"1540","2478050",2
"1541","2478425",11
"1542","2479350",1
"1543","2479900",1
"1544","2483100",12
"1545","2484350",1
"1546","2500135",5
"1547","2501260",4
"1548","2501430",7
"1549","2501640",8
"1550","2502515",3
"1551","2502690",3
"1552","2503690",11
"1553","2504790",1
"1554","2505105",2
"1555","2505595",8
"1556","2507000",149
"1557","2507140",2
"1558","2507385",1
"1559","2507740",1
"1560","2508130",5
"1561","2509000",12
"1562","2509070",1
"1563","2509210",8
"1564","2509875",2
"1565","2510015",1
"1566","2511000",23
"1567","2512960",2
"1568","2513205",1
"1569","2513450",1
"1570","2513660",3
"1571","2514430",2
"1572","2516285",3
"1573","2518875",2
"1574","2518980",1
"1575","2519370",1
"1576","2521815",1
"1577","2521990",2
"1578","2523000",9
"1579","2523070",6
"1580","2523875",1
"1581","2524855",2
"1582","2524960",15
"1583","2525172",2
"1584","2525485",1
"1585","2526150",6
"1586","2526500",3
"1587","2526780",5
"1588","2529090",1
"1589","2529405",13
"1590","2530175",5
"1591","2530420",1
"1592","2530840",6
"1593","2530980",1
"1594","2531050",2
"1595","2532275",1
"1596","2534550",5
"1597","2535075",2
"1598","2535250",4
"1599","2536020",3
"1600","2536335",31
"1601","2537000",10
"1602","2537385",2
"1603","2537490",9
"1604","2537595",3
"1605","2537875",4
"1606","2538230",4
"1607","2538435",2
"1608","2538575",1
"1609","2538715",1
"1610","2538820",3
"1611","2538960",1
"1612","2539485",2
"1613","2539660",3
"1614","2539835",3
"1615","2540710",2
"1616","2540885",1
"1617","2541200",2
"1618","2541410",1
"1619","2541725",4
"1620","2542180",1
"1621","2543755",3
"1622","2545000",8
"1623","2545245",6
"1624","2545560",6
"1625","2546225",3
"1626","2546330",17
"1627","2547590",2
"1628","2548710",1
"1629","2549165",2
"1630","2550005",4
"1631","2551230",1
"1632","2551405",2
"1633","2551790",2
"1634","2552144",2
"1635","2552490",2
"1636","2553680",2
"1637","2553960",8
"1638","2554275",6
"1639","2554450",1
"1640","2555535",2
"1641","2555745",8
"1642","2556000",2
"1643","2556165",1
"1644","2556585",2
"1645","2557845",1
"1646","2559105",7
"1647","2559700",2
"1648","2560050",3
"1649","2560295",3
"1650","2560820",2
"1651","2561205",2
"1652","2562300",3
"1653","2562465",2
"1654","2562535",2
"1655","2563345",1
"1656","2563620",2
"1657","2567000",20
"1658","2567700",1
"1659","2568120",1
"1660","2568680",43
"1661","2569170",8
"1662","2570815",2
"1663","2571445",1
"1664","2571970",6
"1665","2572460",3
"1666","2572600",3
"1667","2572845",1
"1668","2573020",1
"1669","2573440",1
"1670","2573930",1
"1671","2574210",35
"1672","2575050",6
"1673","2575680",6
"1674","2576030",5
"1675","2577890",2
"1676","2578410",1
"1677","2578972",2
"1678","2579705",1
"1679","2579950",4
"1680","2580195",2
"1681","2580370",1
"1682","2580545",1
"1683","2581005",1
"1684","2581035",1
"1685","2582000",21
"1686","2600440",6
"1687","2600980",1
"1688","2601180",2
"1689","2601260",1
"1690","2601340",8
"1691","2601380",1
"1692","2601740",7
"1693","2603000",74
"1694","2604105",1
"1695","2604740",2
"1696","2605920",4
"1697","2606020",4
"1698","2606660",1
"1699","2606820",1
"1700","2606880",1
"1701","2607020",1
"1702","2607520",3
"1703","2607860",1
"1704","2608160",1
"1705","2608300",2
"1706","2608640",4
"1707","2609000",1
"1708","2609180",2
"1709","2610580",1
"1710","2610620",2
"1711","2612320",4
"1712","2612580",2
"1713","2613220",1
"1714","2613420",1
"1715","2614780",3
"1716","2615000",2
"1717","2615020",2
"1718","2617020",2
"1719","2619880",1
"1720","2621000",2
"1721","2621560",1
"1722","2622000",176
"1723","2623980",1
"1724","2624120",8
"1725","2624290",3
"1726","2624420",2
"1727","2624540",1
"1728","2625780",1
"1729","2626360",1
"1730","2627380",1
"1731","2627880",4
"1732","2629000",9
"1733","2629200",1
"1734","2629580",1
"1735","2630200",1
"1736","2631720",1
"1737","2632320",1
"1738","2633280",1
"1739","2634000",31
"1740","2634160",1
"1741","2635100",1
"1742","2635480",2
"1743","2635580",1
"1744","2636280",2
"1745","2636300",5
"1746","2636700",1
"1747","2636920",1
"1748","2637120",1
"1749","2638180",1
"1750","2638460",2
"1751","2638640",7
"1752","2639360",5
"1753","2639540",4
"1754","2639720",2
"1755","2640000",1
"1756","2640860",1
"1757","2640960",1
"1758","2641060",2
"1759","2641420",4
"1760","2641680",1
"1761","2642160",24
"1762","2644940",1
"1763","2645420",1
"1764","2646000",73
"1765","2646040",3
"1766","2647800",1
"1767","2649000",7
"1768","2649640",1
"1769","2650280",1
"1770","2650720",1
"1771","2650760",2
"1772","2650830",1
"1773","2651600",1
"1774","2651900",13
"1775","2651940",2
"1776","2652440",1
"1777","2653020",1
"1778","2653780",5
"1779","2653960",1
"1780","2655020",4
"1781","2655100",1
"1782","2655820",8
"1783","2656020",4
"1784","2656320",10
"1785","2657080",1
"1786","2657140",1
"1787","2657380",2
"1788","2657760",1
"1789","2659440",1
"1790","2659920",2
"1791","2661020",4
"1792","2661220",1
"1793","2661940",1
"1794","2662020",2
"1795","2662980",1
"1796","2663540",1
"1797","2663820",7
"1798","2664140",2
"1799","2665060",7
"1800","2665440",8
"1801","2665560",3
"1802","2665820",4
"1803","2668880",2
"1804","2669020",3
"1805","2669035",4
"1806","2669080",2
"1807","2669400",2
"1808","2669420",1
"1809","2669800",1
"1810","2670040",4
"1811","2670520",7
"1812","2670760",5
"1813","2670960",4
"1814","2671000",1
"1815","2671740",2
"1816","2671860",1
"1817","2672840",3
"1818","2674900",5
"1819","2674960",1
"1820","2675100",1
"1821","2676460",1
"1822","2676960",2
"1823","2677700",1
"1824","2677860",1
"1825","2679000",3
"1826","2679120",2
"1827","2679760",2
"1828","2680340",10
"1829","2680420",3
"1830","2680700",4
"1831","2681540",11
"1832","2681840",1
"1833","2682300",1
"1834","2682450",3
"1835","2682453",1
"1836","2682960",1
"1837","2684000",7
"1838","2686000",1
"1839","2688380",1
"1840","2688900",1
"1841","2689140",5
"1842","2689320",2
"1843","2700694",2
"1844","2700928",2
"1845","2701720",2
"1846","2701900",1
"1847","2704618",2
"1848","2705068",9
"1849","2705752",1
"1850","2706382",3
"1851","2706616",3
"1852","2707300",5
"1853","2707948",1
"1854","2708452",2
"1855","2709370",1
"1856","2710972",1
"1857","2711386",2
"1858","2713006",1
"1859","2713456",1
"1860","2715832",1
"1861","2717000",24
"1862","2717288",1
"1863","2717612",1
"1864","2718188",2
"1865","2718674",1
"1866","2719142",1
"1867","2720546",1
"1868","2720906",1
"1869","2721770",1
"1870","2722814",1
"1871","2724308",1
"1872","2724992",4
"1873","2728682",1
"1874","2728790",3
"1875","2730140",1
"1876","2730392",1
"1877","2737304",1
"1878","2739878",41
"1879","2740382",1
"1880","2740688",2
"1881","2743000",119
"1882","2743252",3
"1883","2743720",1
"1884","2743774",1
"1885","2743864",3
"1886","2744980",1
"1887","2745682",2
"1888","2746924",2
"1889","2747680",2
"1890","2749300",1
"1891","2749768",4
"1892","2751064",1
"1893","2751136",1
"1894","2751730",1
"1895","2752630",1
"1896","2753620",2
"1897","2754214",1
"1898","2754880",7
"1899","2755726",1
"1900","2755852",2
"1901","2756680",1
"1902","2756770",1
"1903","2756896",12
"1904","2757220",1
"1905","2758000",82
"1906","2758036",2
"1907","2759350",3
"1908","2759998",1
"1909","2762824",3
"1910","2767288",5
"1911","2767612",1
"1912","2769700",2
"1913","2770420",4
"1914","2771032",4
"1915","2771428",1
"1916","2771734",1
"1917","2801260",1
"1918","2803980",1
"1919","2806220",6
"1920","2808300",1
"1921","2810060",1
"1922","2813820",1
"1923","2814260",1
"1924","2815340",5
"1925","2815380",3
"1926","2829180",2
"1927","2829340",1
"1928","2829700",10
"1929","2831020",9
"1930","2831780",2
"1931","2833100",1
"1932","2834740",2
"1933","2835260",1
"1934","2836000",18
"1935","2839640",3
"1936","2844520",1
"1937","2846640",3
"1938","2850440",1
"1939","2851000",1
"1940","2853520",1
"1941","2854840",7
"1942","2855360",1
"1943","2856800",3
"1944","2860720",1
"1945","2870240",3
"1946","2874840",3
"1947","2876720",1
"1948","2881520",1
"1949","2901972",1
"1950","2902638",1
"1951","2904798",1
"1952","2906652",1
"1953","2907318",1
"1954","2907966",7
"1955","2908236",1
"1956","2908650",1
"1957","2910810",3
"1958","2911134",1
"1959","2911242",6
"1960","2911656",1
"1961","2913600",5
"1962","2914572",11
"1963","2915670",21
"1964","2917272",3
"1965","2919630",1
"1966","2919828",2
"1967","2922834",2
"1968","2923752",1
"1969","2923986",7
"1970","2924094",1
"1971","2924778",9
"1972","2926110",1
"1973","2926182",3
"1974","2927334",1
"1975","2928324",1
"1976","2930214",3
"1977","2931276",1
"1978","2931708",1
"1979","2932248",3
"1980","2935000",1
"1981","2937000",15
"1982","2937592",11
"1983","2938000",108
"1984","2939026",2
"1985","2939044",4
"1986","2939656",1
"1987","2941348",2
"1988","2944174",1
"1989","2946316",1
"1990","2946640",1
"1991","2947648",2
"1992","2949034",1
"1993","2949196",1
"1994","2950672",1
"1995","2951572",1
"1996","2951644",1
"1997","2954038",1
"1998","2954074",1
"1999","2956288",1
"2000","2957116",2
"2001","2959096",1
"2002","2962912",2
"2003","2964082",11
"2004","2964550",4
"2005","2965000",62
"2006","2965126",1
"2007","2966440",1
"2008","2967790",1
"2009","2970000",20
"2010","2970828",1
"2011","2973942",2
"2012","2974626",1
"2013","2975220",1
"2014","2977092",1
"2015","2977416",1
"2016","2977992",1
"2017","2978154",1
"2018","2978928",2
"2019","3002425",1
"2020","3004975",2
"2021","3006550",10
"2022","3008950",33
"2023","3011397",1
"2024","3029875",1
"2025","3029950",1
"2026","3032800",7
"2027","3033775",4
"2028","3035050",1
"2029","3035600",13
"2030","3040075",5
"2031","3041950",1
"2032","3043375",1
"2033","3043450",3
"2034","3043975",1
"2035","3050200",24
"2036","3056350",1
"2037","3058750",1
"2038","3061525",2
"2039","3079825",11
"2040","3079900",1
"2041","3102655",2
"2042","3103390",1
"2043","3103950",1
"2044","3108605",2
"2045","3110110",1
"2046","3117670",3
"2047","3119595",4
"2048","3121345",1
"2049","3121415",1
"2050","3125055",1
"2051","3128000",22
"2052","3129925",1
"2053","3133705",1
"2054","3134615",2
"2055","3135000",1
"2056","3137000",42
"2057","3138295",2
"2058","3144245",1
"2059","3145295",2
"2060","3153275",1
"2061","3206500",3
"2062","3209700",20
"2063","3222500",6
"2064","3224100",2
"2065","3224900",1
"2066","3231900",3
"2067","3240000",71
"2068","3247000",3
"2069","3247880",1
"2070","3251800",5
"2071","3253800",7
"2072","3260600",18
"2073","3268400",4
"2074","3284600",1
"2075","3285400",1
"2076","3301620",2
"2077","3305140",1
"2078","3307620",1
"2079","3312900",1
"2080","3314200",15
"2081","3314580",4
"2082","3317860",2
"2083","3318820",2
"2084","3319620",1
"2085","3321780",1
"2086","3325300",2
"2087","3330180",1
"2088","3331860",2
"2089","3332980",2
"2090","3333780",6
"2091","3336020",1
"2092","3338420",5
"2093","3339300",11
"2094","3340180",7
"2095","3341300",5
"2096","3342500",1
"2097","3343140",5
"2098","3345140",14
"2099","3347940",1
"2100","3350260",7
"2101","3352500",1
"2102","3353860",6
"2103","3360500",8
"2104","3362580",1
"2105","3362900",11
"2106","3365140",2
"2107","3367460",1
"2108","3385140",1
"2109","3386340",1
"2110","3401330",1
"2111","3401960",5
"2112","3402080",5
"2113","3402320",1
"2114","3403580",1
"2115","3404180",1
"2116","3404600",5
"2117","3404990",1
"2118","3405590",2
"2119","3405740",3
"2120","3406490",37
"2121","3406610",2
"2122","3406970",1
"2123","3407300",1
"2124","3407600",2
"2125","3408110",5
"2126","3408140",1
"2127","3408455",1
"2128","3409250",1
"2129","3410000",3
"2130","3410270",2
"2131","3410300",1
"2132","3410480",1
"2133","3413690",1
"2134","3413720",1
"2135","3413810",1
"2136","3414260",2
"2137","3415520",1
"2138","3415910",1
"2139","3417530",2
"2140","3418070",2
"2141","3419390",2
"2142","3421000",2
"2143","3421480",7
"2144","3422470",4
"2145","3422860",5
"2146","3423700",4
"2147","3424930",1
"2148","3424990",1
"2149","3426070",1
"2150","3426340",2
"2151","3426610",2
"2152","3426820",1
"2153","3426902",3
"2154","3427840",1
"2155","3428650",2
"2156","3428680",37
"2157","3428710",1
"2158","3428770",1
"2159","3430420",1
"2160","3430570",1
"2161","3431470",4
"2162","3431620",3
"2163","3432250",2
"2164","3432424",1
"2165","3432910",2
"2166","3433150",1
"2167","3434890",1
"2168","3436000",52
"2169","3436480",1
"2170","3436510",1
"2171","3437110",1
"2172","3437770",1
"2173","3438040",2
"2174","3438580",2
"2175","3438610",2
"2176","3439910",1
"2177","3440020",1
"2178","3440290",3
"2179","3440350",1
"2180","3441100",1
"2181","3441310",4
"2182","3442510",1
"2183","3442930",2
"2184","3444520",1
"2185","3445510",1
"2186","3445690",2
"2187","3445900",1
"2188","3446680",1
"2189","3447190",2
"2190","3447895",2
"2191","3448210",2
"2192","3448300",7
"2193","3448510",1
"2194","3449920",1
"2195","3451000",19
"2196","3451210",5
"2197","3451810",2
"2198","3451930",9
"2199","3452320",1
"2200","3452950",3
"2201","3453280",1
"2202","3453790",2
"2203","3454315",1
"2204","3454360",1
"2205","3454480",1
"2206","3454690",2
"2207","3455950",3
"2208","3457000",4
"2209","3457600",1
"2210","3458200",3
"2211","3458350",1
"2212","3459070",2
"2213","3459190",2
"2214","3459880",2
"2215","3459910",1
"2216","3460900",4
"2217","3461530",1
"2218","3462430",2
"2219","3462940",2
"2220","3463000",6
"2221","3463180",1
"2222","3464050",1
"2223","3464590",2
"2224","3464620",1
"2225","3465280",1
"2226","3465790",1
"2227","3466450",2
"2228","3466480",1
"2229","3466570",1
"2230","3466840",1
"2231","3467110",1
"2232","3467320",1
"2233","3467350",1
"2234","3468430",1
"2235","3468460",6
"2236","3468550",1
"2237","3469420",2
"2238","3469510",1
"2239","3470980",1
"2240","3471430",3
"2241","3473110",2
"2242","3474000",14
"2243","3474540",2
"2244","3475020",13
"2245","3475745",1
"2246","3475750",1
"2247","3476070",1
"2248","3476107",1
"2249","3477270",1
"2250","3477600",1
"2251","3479040",4
"2252","3479100",3
"2253","3479610",1
"2254","3480630",1
"2255","3481170",2
"2256","3481950",1
"2257","3482120",1
"2258","3482300",1
"2259","3501780",3
"2260","3502000",44
"2261","3505220",1
"2262","3505780",1
"2263","3506480",1
"2264","3512150",6
"2265","3516280",3
"2266","3516420",2
"2267","3520270",2
"2268","3525170",2
"2269","3525800",10
"2270","3528460",3
"2271","3530490",2
"2272","3539380",13
"2273","3542320",3
"2274","3546310",1
"2275","3559260",3
"2276","3563460",6
"2277","3564930",8
"2278","3565210",2
"2279","3570500",28
"2280","3572770",2
"2281","3573260",4
"2282","3573540",1
"2283","3576200",4
"2284","3579840",1
"2285","3601000",65
"2286","3601033",2
"2287","3601517",1
"2288","3601682",1
"2289","3602044",1
"2290","3602066",1
"2291","3602506",1
"2292","3603078",3
"2293","3603353",1
"2294","3603408",2
"2295","3604033",2
"2296","3604198",1
"2297","3604253",1
"2298","3604715",2
"2299","3604935",3
"2300","3605100",8
"2301","3605771",3
"2302","3606387",2
"2303","3606607",12
"2304","3607157",1
"2305","3608026",3
"2306","3608059",1
"2307","3608070",2
"2308","3608136",1
"2309","3608257",1
"2310","3608466",2
"2311","3608532",1
"2312","3611000",94
"2313","3611638",1
"2314","3611704",1
"2315","3611825",2
"2316","3612111",1
"2317","3612144",3
"2318","3612188",1
"2319","3612331",2
"2320","3612353",1
"2321","3613002",2
"2322","3613145",1
"2323","3613233",1
"2324","3613805",1
"2325","3616050",1
"2326","3616419",1
"2327","3616628",4
"2328","3616749",1
"2329","3617530",5
"2330","3618047",1
"2331","3618256",2
"2332","3618388",2
"2333","3618542",1
"2334","3618718",2
"2335","3619092",1
"2336","3619213",1
"2337","3619356",1
"2338","3619664",1
"2339","3619972",1
"2340","3620126",4
"2341","3620698",3
"2342","3620731",1
"2343","3621105",2
"2344","3621809",1
"2345","3622183",1
"2346","3622502",9
"2347","3622557",1
"2348","3622612",2
"2349","3622865",2
"2350","3623701",3
"2351","3623822",2
"2352","3624229",6
"2353","3624515",3
"2354","3625076",2
"2355","3625384",1
"2356","3626264",1
"2357","3626352",1
"2358","3626770",2
"2359","3626924",2
"2360","3627309",2
"2361","3627331",1
"2362","3627419",2
"2363","3627485",3
"2364","3627815",1
"2365","3628178",1
"2366","3628618",3
"2367","3628640",3
"2368","3628860",1
"2369","3629113",2
"2370","3629333",6
"2371","3629338",1
"2372","3629443",1
"2373","3629542",4
"2374","3629630",1
"2375","3629894",1
"2376","3630191",1
"2377","3630279",1
"2378","3630543",1
"2379","3630576",1
"2380","3630609",1
"2381","3630675",32
"2382","3631643",3
"2383","3631709",3
"2384","3631896",1
"2385","3632391",1
"2386","3632732",4
"2387","3632754",1
"2388","3633139",3
"2389","3634286",3
"2390","3634374",2
"2391","3634495",2
"2392","3634847",1
"2393","3635276",2
"2394","3635474",1
"2395","3635672",2
"2396","3635969",5
"2397","3635980",2
"2398","3636233",2
"2399","3637044",2
"2400","3637275",4
"2401","3637869",1
"2402","3638077",75
"2403","3638264",2
"2404","3638539",1
"2405","3638946",1
"2406","3639562",4
"2407","3639727",8
"2408","3640508",1
"2409","3640761",1
"2410","3641553",1
"2411","3642026",1
"2412","3642081",2
"2413","3642554",1
"2414","3642928",3
"2415","3643082",2
"2416","3643335",3
"2417","3643720",2
"2418","3643874",2
"2419","3643962",1
"2420","3644149",1
"2421","3644534",1
"2422","3644787",2
"2423","3644831",1
"2424","3644853",1
"2425","3645018",1
"2426","3645986",1
"2427","3645997",1
"2428","3646019",3
"2429","3646085",2
"2430","3646360",1
"2431","3646668",5
"2432","3647042",1
"2433","3647361",3
"2434","3647636",7
"2435","3647988",3
"2436","3648142",3
"2437","3648175",4
"2438","3649121",5
"2439","3649407",1
"2440","3649429",2
"2441","3649506",1
"2442","3650034",7
"2443","3650100",2
"2444","3650298",1
"2445","3650551",2
"2446","3650617",9
"2447","3651000",1523
"2448","3651055",5
"2449","3651110",1
"2450","3651262",1
"2451","3651528",1
"2452","3653396",1
"2453","3653770",2
"2454","3653979",2
"2455","3654100",3
"2456","3654441",2
"2457","3654485",4
"2458","3654716",3
"2459","3654837",1
"2460","3654881",1
"2461","3655266",2
"2462","3655530",3
"2463","3655574",3
"2464","3655882",1
"2465","3655992",1
"2466","3656902",1
"2467","3656968",1
"2468","3656979",3
"2469","3657001",1
"2470","3657177",1
"2471","3658354",1
"2472","3658442",1
"2473","3658574",11
"2474","3658684",2
"2475","3659223",2
"2476","3659355",2
"2477","3659377",2
"2478","3659388",1
"2479","3659564",7
"2480","3659641",12
"2481","3660895",1
"2482","3661148",1
"2483","3661346",2
"2484","3661973",10
"2485","3663000",74
"2486","3663264",4
"2487","3663418",3
"2488","3663473",1
"2489","3663506",1
"2490","3663770",2
"2491","3664309",3
"2492","3664485",1
"2493","3664584",1
"2494","3665233",4
"2495","3665255",12
"2496","3665288",83
"2497","3665508",7
"2498","3666058",2
"2499","3666322",2
"2500","3666828",1
"2501","3666872",2
"2502","3667048",1
"2503","3667070",6
"2504","3667510",1
"2505","3667638",1
"2506","3667851",7
"2507","3668462",1
"2508","3669078",1
"2509","3669441",1
"2510","3669452",1
"2511","3670189",1
"2512","3670420",1
"2513","3671608",2
"2514","3671663",1
"2515","3671894",2
"2516","3673000",95
"2517","3673176",7
"2518","3673715",2
"2519","3674166",2
"2520","3675484",10
"2521","3675671",1
"2522","3676001",1
"2523","3676540",9
"2524","3676705",4
"2525","3677112",2
"2526","3677376",1
"2527","3677431",3
"2528","3678003",1
"2529","3678146",2
"2530","3678168",1
"2531","3678333",1
"2532","3678355",4
"2533","3678465",1
"2534","3678520",1
"2535","3678553",1
"2536","3678608",11
"2537","3678696",1
"2538","3678960",2
"2539","3679092",2
"2540","3680181",2
"2541","3680203",1
"2542","3680225",1
"2543","3680291",1
"2544","3680302",2
"2545","3680522",1
"2546","3680599",2
"2547","3680747",1
"2548","3680907",1
"2549","3681138",2
"2550","3681677",8
"2551","3682029",1
"2552","3682084",3
"2553","3682304",2
"2554","3682942",1
"2555","3683041",3
"2556","3684000",45
"2557","3684088",1
"2558","3700160",1
"2559","3700680",3
"2560","3701400",1
"2561","3701520",3
"2562","3702080",4
"2563","3702140",31
"2564","3703020",1
"2565","3704260",2
"2566","3707080",5
"2567","3707720",2
"2568","3708480",3
"2569","3709060",2
"2570","3710240",2
"2571","3710680",1
"2572","3710740",5
"2573","3711800",12
"2574","3712000",59
"2575","3712480",1
"2576","3714100",5
"2577","3714340",1
"2578","3714700",1
"2579","3715880",1
"2580","3716400",1
"2581","3718320",1
"2582","3719000",27
"2583","3719420",1
"2584","3719860",1
"2585","3720580",3
"2586","3720600",1
"2587","3720620",4
"2588","3720980",1
"2589","3721095",3
"2590","3722360",1
"2591","3722440",1
"2592","3722920",26
"2593","3722982",1
"2594","3723760",1
"2595","3724640",1
"2596","3725580",4
"2597","3726880",2
"2598","3727280",28
"2599","3728000",25
"2600","3728080",8
"2601","3729800",2
"2602","3730660",1
"2603","3730720",16
"2604","3731060",6
"2605","3731400",2
"2606","3731620",3
"2607","3732260",1
"2608","3733120",4
"2609","3734200",4
"2610","3734300",1
"2611","3734440",1
"2612","3735540",1
"2613","3735600",1
"2614","3735760",1
"2615","3735880",1
"2616","3735920",3
"2617","3736080",1
"2618","3737220",1
"2619","3737680",1
"2620","3737760",1
"2621","3738060",5
"2622","3738220",1
"2623","3739600",1
"2624","3739700",5
"2625","3740600",3
"2626","3741060",1
"2627","3741420",2
"2628","3741580",1
"2629","3741620",1
"2630","3743720",2
"2631","3743920",2
"2632","3744220",2
"2633","3744320",2
"2634","3744400",2
"2635","3744800",1
"2636","3744960",1
"2637","3745660",1
"2638","3746340",11
"2639","3746740",1
"2640","3747000",1
"2641","3747880",1
"2642","3748790",1
"2643","3748920",1
"2644","3749800",1
"2645","3751080",4
"2646","3752660",7
"2647","3754580",1
"2648","3755000",73
"2649","3757260",1
"2650","3757500",4
"2651","3758140",2
"2652","3758160",2
"2653","3758460",1
"2654","3758860",4
"2655","3759280",2
"2656","3760320",2
"2657","3761200",3
"2658","3761860",1
"2659","3762520",1
"2660","3763120",2
"2661","3763400",2
"2662","3764160",1
"2663","3764740",96
"2664","3766500",2
"2665","3770380",1
"2666","3770540",1
"2667","3770780",1
"2668","3771220",1
"2669","3771460",1
"2670","3771500",7
"2671","3771560",2
"2672","3771860",1
"2673","3772540",1
"2674","3774020",1
"2675","3774440",30
"2676","3774540",5
"2677","3775000",42
"2678","3775060",1
"2679","3807200",9
"2680","3819620",3
"2681","3825700",20
"2682","3832060",6
"2683","3840580",1
"2684","3849900",1
"2685","3853380",3
"2686","3856740",2
"2687","3868860",1
"2688","3881180",1
"2689","3886220",2
"2690","3901000",28
"2691","3901420",2
"2692","3901798",2
"2693","3902568",57
"2694","3902638",2
"2695","3902736",7
"2696","3903142",1
"2697","3903184",1
"2698","3903352",1
"2699","3903585",1
"2700","3904416",2
"2701","3904500",2
"2702","3904720",3
"2703","3904840",2
"2704","3905074",1
"2705","3905102",1
"2706","3905816",1
"2707","3906068",4
"2708","3907300",1
"2709","3907426",1
"2710","3907972",12
"2711","3908364",1
"2712","3909200",1
"2713","3909246",1
"2714","3909792",1
"2715","3910030",1
"2716","3910996",1
"2717","3911332",1
"2718","3911360",5
"2719","3912000",6
"2720","3912280",1
"2721","3912784",2
"2722","3913190",2
"2723","3913358",2
"2724","3913554",1
"2725","3914184",5
"2726","3915000",40
"2727","3915070",3
"2728","3916000",55
"2729","3916014",4
"2730","3918000",57
"2731","3918350",1
"2732","3918812",2
"2733","3918868",2
"2734","3921000",22
"2735","3921308",3
"2736","3921434",4
"2737","3922694",3
"2738","3923730",1
"2739","3924234",2
"2740","3925256",3
"2741","3925396",1
"2742","3925452",1
"2743","3925704",2
"2744","3925914",3
"2745","3925970",1
"2746","3927048",3
"2747","3927776",1
"2748","3928014",1
"2749","3928826",2
"2750","3929106",5
"2751","3929204",1
"2752","3929246",1
"2753","3929442",2
"2754","3929932",1
"2755","3931402",1
"2756","3932340",1
"2757","3932592",2
"2758","3933012",4
"2759","3935476",4
"2760","3935560",1
"2761","3935882",1
"2762","3936610",1
"2763","3936651",2
"2764","3937464",1
"2765","3939872",10
"2766","3940040",2
"2767","3941664",3
"2768","3941720",9
"2769","3942364",1
"2770","3942994",2
"2771","3943554",5
"2772","3944632",1
"2773","3944856",5
"2774","3945108",1
"2775","3945556",1
"2776","3947138",8
"2777","3947628",3
"2778","3947754",3
"2779","3948160",4
"2780","3948188",1
"2781","3948244",1
"2782","3948342",1
"2783","3948790",6
"2784","3949056",3
"2785","3949098",1
"2786","3949434",3
"2787","3949840",5
"2788","3950134",1
"2789","3950176",1
"2790","3950834",2
"2791","3951310",2
"2792","3952752",1
"2793","3953102",5
"2794","3953970",3
"2795","3954040",6
"2796","3954334",1
"2797","3955216",3
"2798","3956294",4
"2799","3956322",1
"2800","3956966",1
"2801","3957008",1
"2802","3957302",1
"2803","3957764",2
"2804","3958520",2
"2805","3958730",3
"2806","3959010",1
"2807","3959234",5
"2808","3959416",2
"2809","3961000",1
"2810","3961420",1
"2811","3961686",2
"2812","3962148",2
"2813","3962498",2
"2814","3962848",1
"2815","3964150",1
"2816","3964304",1
"2817","3964486",1
"2818","3964766",1
"2819","3965592",2
"2820","3967468",1
"2821","3969526",1
"2822","3970380",4
"2823","3971682",5
"2824","3972102",1
"2825","3972424",2
"2826","3973670",2
"2827","3974076",1
"2828","3974118",5
"2829","3974608",4
"2830","3975014",2
"2831","3975098",1
"2832","3975896",2
"2833","3976022",1
"2834","3976106",1
"2835","3976778",1
"2836","3976876",4
"2837","3977000",16
"2838","3977504",1
"2839","3977588",1
"2840","3978050",1
"2841","3978932",1
"2842","3979002",1
"2843","3979492",1
"2844","3979562",2
"2845","3980486",1
"2846","3980766",3
"2847","3980892",3
"2848","3981935",1
"2849","3983342",2
"2850","3983622",3
"2851","3984770",1
"2852","3985792",4
"2853","3986436",1
"2854","3986548",216
"2855","3986604",2
"2856","3986772",1
"2857","3986940",5
"2858","3988000",15
"2859","3988084",5
"2860","4000200",3
"2861","4001700",1
"2862","4001800",1
"2863","4002600",2
"2864","4003300",1
"2865","4004450",2
"2866","4009050",3
"2867","4014700",3
"2868","4014900",1
"2869","4017800",1
"2870","4022050",2
"2871","4023200",6
"2872","4023950",2
"2873","4031600",2
"2874","4041850",4
"2875","4044800",1
"2876","4048000",1
"2877","4049200",1
"2878","4050050",2
"2879","4052500",18
"2880","4055000",40
"2881","4056650",2
"2882","4057550",2
"2883","4059850",1
"2884","4066800",2
"2885","4070300",6
"2886","4070350",1
"2887","4072100",6
"2888","4075000",41
"2889","4077850",1
"2890","4078500",1
"2891","4082150",2
"2892","4101000",7
"2893","4103050",5
"2894","4103150",3
"2895","4103800",3
"2896","4103850",1
"2897","4105350",8
"2898","4105800",28
"2899","4108650",5
"2900","4115250",5
"2901","4115350",1
"2902","4115800",13
"2903","4115950",2
"2904","4116950",2
"2905","4117700",2
"2906","4123500",2
"2907","4123800",3
"2908","4123850",84
"2909","4126050",7
"2910","4126200",6
"2911","4130550",5
"2912","4131250",9
"2913","4132050",2
"2914","4133700",5
"2915","4134100",5
"2916","4134900",5
"2917","4137550",1
"2918","4138000",1
"2919","4139700",8
"2920","4140350",4
"2921","4140550",5
"2922","4140700",1
"2923","4141650",4
"2924","4142600",1
"2925","4145000",5
"2926","4145250",3
"2927","4147000",7
"2928","4147700",1
"2929","4148600",3
"2930","4148650",2
"2931","4149450",2
"2932","4149550",4
"2933","4152100",2
"2934","4152450",3
"2935","4153900",1
"2936","4154100",1
"2937","4154325",2
"2938","4154900",2
"2939","4155200",3
"2940","4157150",9
"2941","4159000",376
"2942","4159250",1
"2943","4159850",9
"2944","4161200",2
"2945","4163450",1
"2946","4163650",5
"2947","4164150",1
"2948","4164600",1
"2949","4164900",43
"2950","4165250",5
"2951","4165950",4
"2952","4167100",1
"2953","4167650",3
"2954","4167950",5
"2955","4169600",22
"2956","4171950",3
"2957","4172500",1
"2958","4172950",3
"2959","4173700",1
"2960","4174850",1
"2961","4174950",3
"2962","4175150",1
"2963","4175650",1
"2964","4182800",1
"2965","4183750",4
"2966","4184200",11
"2967","4200820",1
"2968","4202000",14
"2969","4202056",2
"2970","4202184",4
"2971","4202264",2
"2972","4202288",3
"2973","4202608",2
"2974","4202896",21
"2975","4203008",1
"2976","4203384",1
"2977","4203544",1
"2978","4203640",1
"2979","4203984",1
"2980","4204032",1
"2981","4204688",6
"2982","4204792",3
"2983","4204944",2
"2984","4205256",4
"2985","4205312",1
"2986","4205504",1
"2987","4205680",1
"2988","4205888",1
"2989","4206064",4
"2990","4206088",27
"2991","4206504",1
"2992","4207040",2
"2993","4207128",2
"2994","4207224",2
"2995","4207960",1
"2996","4208040",1
"2997","4208416",1
"2998","4208568",3
"2999","4208760",4
"3000","4209080",1
"3001","4209248",1
"3002","4209416",1
"3003","4209432",1
"3004","4209728",19
"3005","4210464",4
"3006","4210768",1
"3007","4211000",1
"3008","4211152",1
"3009","4211232",1
"3010","4211272",9
"3011","4211348",1
"3012","4211680",1
"3013","4211720",1
"3014","4212536",6
"3015","4213208",2
"3016","4213216",1
"3017","4213608",2
"3018","4213648",16
"3019","4213704",1
"3020","4213800",3
"3021","4214064",2
"3022","4214264",1
"3023","4214712",3
"3024","4215192",1
"3025","4215232",1
"3026","4215384",1
"3027","4215776",1
"3028","4215848",4
"3029","4216144",1
"3030","4216296",1
"3031","4216448",1
"3032","4216848",1
"3033","4218048",2
"3034","4218072",1
"3035","4218136",1
"3036","4218768",1
"3037","4219576",2
"3038","4219752",4
"3039","4219784",11
"3040","4219920",24
"3041","4220136",3
"3042","4220216",1
"3043","4220248",1
"3044","4220352",1
"3045","4220432",1
"3046","4220672",2
"3047","4221648",6
"3048","4221688",1
"3049","4221712",1
"3050","4221872",3
"3051","4222104",2
"3052","4222144",2
"3053","4222280",1
"3054","4222608",1
"3055","4222680",1
"3056","4222992",2
"3057","4223016",2
"3058","4223304",5
"3059","4223584",4
"3060","4223832",4
"3061","4224000",29
"3062","4224392",3
"3063","4224440",1
"3064","4225360",5
"3065","4225464",1
"3066","4226280",2
"3067","4226432",4
"3068","4226872",1
"3069","4227120",1
"3070","4227456",1
"3071","4227552",1
"3072","4227712",1
"3073","4227744",2
"3074","4228960",15
"3075","4229720",2
"3076","4229800",2
"3077","4230896",2
"3078","4231200",13
"3079","4231328",1
"3080","4231656",2
"3081","4232120",1
"3082","4232448",4
"3083","4232616",1
"3084","4232800",48
"3085","4233000",1
"3086","4233200",1
"3087","4233408",1
"3088","4233592",1
"3089","4233744",1
"3090","4234064",3
"3091","4234144",2
"3092","4235224",1
"3093","4235520",2
"3094","4235800",2
"3095","4236232",2
"3096","4236368",2
"3097","4236816",6
"3098","4237208",3
"3099","4237784",2
"3100","4238000",1
"3101","4238200",1
"3102","4238288",9
"3103","4238688",1
"3104","4239352",1
"3105","4239736",2
"3106","4239784",2
"3107","4240040",1
"3108","4240656",2
"3109","4241216",30
"3110","4241376",1
"3111","4241392",2
"3112","4241432",4
"3113","4241440",1
"3114","4241464",1
"3115","4241680",3
"3116","4242168",8
"3117","4242352",1
"3118","4242472",5
"3119","4242928",2
"3120","4242976",8
"3121","4243000",6
"3122","4243744",1
"3123","4243816",2
"3124","4244128",4
"3125","4245592",1
"3126","4245824",1
"3127","4246000",1
"3128","4246256",1
"3129","4246264",1
"3130","4246344",1
"3131","4246592",1
"3132","4246792",2
"3133","4246888",4
"3134","4247080",2
"3135","4247672",2
"3136","4247872",1
"3137","4248360",1
"3138","4248376",1
"3139","4248480",4
"3140","4248696",2
"3141","4248704",1
"3142","4248856",1
"3143","4249128",3
"3144","4249184",2
"3145","4249288",6
"3146","4249304",5
"3147","4249400",4
"3148","4249728",1
"3149","4250016",4
"3150","4250208",1
"3151","4250320",1
"3152","4250344",1
"3153","4250528",3
"3154","4250632",1
"3155","4250672",1
"3156","4250720",2
"3157","4250736",1
"3158","4250880",2
"3159","4251016",2
"3160","4251656",1
"3161","4251880",1
"3162","4251912",1
"3163","4252432",2
"3164","4252664",2
"3165","4252808",1
"3166","4253368",4
"3167","4253464",2
"3168","4253712",2
"3169","4253736",1
"3170","4254184",13
"3171","4254268",1
"3172","4254656",8
"3173","4254952",1
"3174","4255512",1
"3175","4256456",1
"3176","4256576",1
"3177","4256664",1
"3178","4256960",1
"3179","4257696",5
"3180","4257816",1
"3181","4258176",1
"3182","4258696",1
"3183","4259120",1
"3184","4259312",1
"3185","4259384",1
"3186","4260000",259
"3187","4260008",1
"3188","4260120",2
"3189","4261000",99
"3190","4261048",1
"3191","4261328",2
"3192","4261648",1
"3193","4261688",3
"3194","4262048",1
"3195","4262088",2
"3196","4262416",5
"3197","4262432",2
"3198","4262792",1
"3199","4262920",2
"3200","4263048",2
"3201","4263064",3
"3202","4263624",16
"3203","4264560",1
"3204","4264784",1
"3205","4264832",1
"3206","4264856",1
"3207","4265336",2
"3208","4266192",1
"3209","4266576",1
"3210","4267344",3
"3211","4268056",1
"3212","4268096",1
"3213","4268192",1
"3214","4268312",1
"3215","4268328",1
"3216","4268432",1
"3217","4269000",11
"3218","4269216",5
"3219","4269248",1
"3220","4269309",1
"3221","4269376",1
"3222","4269600",2
"3223","4269720",1
"3224","4269800",1
"3225","4270056",1
"3226","4270352",3
"3227","4270568",1
"3228","4270880",2
"3229","4271184",2
"3230","4271776",3
"3231","4271856",1
"3232","4273808",18
"3233","4274712",1
"3234","4274888",3
"3235","4275304",4
"3236","4275648",1
"3237","4276032",1
"3238","4277744",1
"3239","4277784",2
"3240","4278168",2
"3241","4278528",3
"3242","4279776",2
"3243","4280218",2
"3244","4281000",2
"3245","4281328",5
"3246","4281616",2
"3247","4281824",2
"3248","4281832",1
"3249","4282160",1
"3250","4282296",1
"3251","4282704",14
"3252","4282736",1
"3253","4283512",1
"3254","4284144",1
"3255","4285152",30
"3256","4285188",3
"3257","4285312",12
"3258","4285592",1
"3259","4285632",1
"3260","4286352",1
"3261","4286856",1
"3262","4286920",1
"3263","4286968",1
"3264","4287048",16
"3265","4287232",1
"3266","4287272",1
"3267","4414860",1
"3268","4419180",5
"3269","4422960",5
"3270","4431600",1
"3271","4448700",2
"3272","4449960",5
"3273","4450140",32
"3274","4454640",1
"3275","4459000",70
"3276","4470700",2
"3277","4474300",7
"3278","4476820",1
"3279","4480780",1
"3280","4500550",26
"3281","4501360",2
"3282","4504690",6
"3283","4507210",3
"3284","4512655",1
"3285","4513330",42
"3286","4514095",1
"3287","4514950",3
"3288","4516000",42
"3289","4516405",4
"3290","4518565",1
"3291","4521985",1
"3292","4525810",9
"3293","4526890",2
"3294","4528060",2
"3295","4528870",3
"3296","4530850",17
"3297","4530895",2
"3298","4530985",1
"3299","4532245",2
"3300","4534045",1
"3301","4535890",2
"3302","4539785",1
"3303","4542010",1
"3304","4548535",1
"3305","4548985",1
"3306","4549075",6
"3307","4549570",1
"3308","4550695",2
"3309","4550875",7
"3310","4551280",1
"3311","4553080",6
"3312","4556140",2
"3313","4556950",2
"3314","4559110",1
"3315","4560280",1
"3316","4561405",4
"3317","4566580",1
"3318","4568290",3
"3319","4570090",1
"3320","4570270",5
"3321","4570405",3
"3322","4574050",1
"3323","4574095",5
"3324","4579630",1
"3325","4600100",3
"3326","4604380",1
"3327","4607580",1
"3328","4624260",2
"3329","4643100",1
"3330","4649600",3
"3331","4652980",12
"3332","4659020",10
"3333","4662100",3
"3334","4669300",1
"3335","4673060",1
"3336","4700540",2
"3337","4702320",2
"3338","4708280",1
"3339","4708540",5
"3340","4714000",15
"3341","4715160",7
"3342","4715400",5
"3343","4715580",1
"3344","4716420",6
"3345","4716920",2
"3346","4717680",1
"3347","4722200",3
"3348","4723500",5
"3349","4727740",11
"3350","4728540",1
"3351","4728960",2
"3352","4730980",1
"3353","4733260",1
"3354","4733280",1
"3355","4736460",2
"3356","4737640",8
"3357","4738320",15
"3358","4738540",1
"3359","4739560",1
"3360","4740000",24
"3361","4741200",1
"3362","4741760",1
"3363","4745100",1
"3364","4746240",1
"3365","4746380",2
"3366","4748000",59
"3367","4748660",1
"3368","4750280",1
"3369","4750780",3
"3370","4751560",9
"3371","4752006",123
"3372","4753000",1
"3373","4755120",32
"3374","4756720",2
"3375","4761040",1
"3376","4764820",2
"3377","4767760",1
"3378","4769420",1
"3379","4770580",1
"3380","4772540",1
"3381","4781080",2
"3382","4801000",14
"3383","4801240",1
"3384","4801600",1
"3385","4801744",1
"3386","4801852",1
"3387","4802104",1
"3388","4803000",8
"3389","4803264",1
"3390","4804000",12
"3391","4805000",78
"3392","4805864",3
"3393","4806128",2
"3394","4807000",7
"3395","4807492",6
"3396","4808236",1
"3397","4808788",1
"3398","4809160",1
"3399","4810768",1
"3400","4810780",3
"3401","4810912",8
"3402","4811080",3
"3403","4811428",1
"3404","4812532",1
"3405","4813024",1
"3406","4813108",1
"3407","4813492",1
"3408","4813552",3
"3409","4813684",1
"3410","4813732",1
"3411","4815364",4
"3412","4815976",12
"3413","4816240",1
"3414","4816432",4
"3415","4816612",1
"3416","4816624",3
"3417","4817000",10
"3418","4818092",1
"3419","4819000",82
"3420","4819792",2
"3421","4819900",1
"3422","4819972",12
"3423","4820344",3
"3424","4821892",1
"3425","4822660",6
"3426","4822720",1
"3427","4822864",1
"3428","4823044",1
"3429","4824000",28
"3430","4826160",1
"3431","4826232",11
"3432","4826808",2
"3433","4827000",34
"3434","4827348",2
"3435","4827420",1
"3436","4827648",1
"3437","4827684",3
"3438","4827984",4
"3439","4828068",6
"3440","4829336",5
"3441","4829564",1
"3442","4830416",1
"3443","4830464",1
"3444","4830644",2
"3445","4830920",2
"3446","4831868",1
"3447","4832372",5
"3448","4833200",1
"3449","4834220",1
"3450","4834676",2
"3451","4835000",82
"3452","4835084",1
"3453","4835528",3
"3454","4835624",2
"3455","4837000",2
"3456","4837216",1
"3457","4837420",1
"3458","4837528",1
"3459","4838476",1
"3460","4838632",2
"3461","4839040",2
"3462","4839124",2
"3463","4839148",11
"3464","4839352",1
"3465","4839952",1
"3466","4840588",2
"3467","4841116",4
"3468","4841188",2
"3469","4841440",1
"3470","4841464",5
"3471","4841980",5
"3472","4842016",1
"3473","4842448",1
"3474","4842508",2
"3475","4842664",1
"3476","4843012",1
"3477","4843240",1
"3478","4843432",1
"3479","4843888",9
"3480","4844020",1
"3481","4844116",1
"3482","4845000",6
"3483","4845072",4
"3484","4845384",11
"3485","4845744",6
"3486","4846056",1
"3487","4846452",3
"3488","4846620",1
"3489","4846776",11
"3490","4847892",1
"3491","4848072",13
"3492","4848096",2
"3493","4849068",1
"3494","4850256",2
"3495","4850820",6
"3496","4851708",1
"3497","4853388",8
"3498","4854708",1
"3499","4855080",6
"3500","4856000",2
"3501","4856516",1
"3502","4857176",2
"3503","4857476",3
"3504","4858016",4
"3505","4858820",1
"3506","4860140",2
"3507","4861196",1
"3508","4861796",2
"3509","4862504",1
"3510","4862828",3
"3511","4863500",7
"3512","4863572",2
"3513","4863668",1
"3514","4863848",1
"3515","4864472",7
"3516","4865000",44
"3517","4865600",5
"3518","4866128",1
"3519","4866644",1
"3520","4867496",2
"3521","4869032",3
"3522","4869596",1
"3523","4870208",2
"3524","4870808",2
"3525","4870904",1
"3526","4872176",6
"3527","4872368",8
"3528","4872656",3
"3529","4873316",1
"3530","4873748",1
"3531","4874144",17
"3532","4874492",2
"3533","4875428",5
"3534","4875476",2
"3535","4876000",15
"3536","4876816",2
"3537","4876864",9
"3538","4876948",1
"3539","4877272",1
"3540","4878544",1
"3541","4879000",9
"3542","4879624",2
"3543","4879876",1
"3544","4880356",1
"3545","4900540",1
"3546","4901310",1
"3547","4907690",1
"3548","4911320",2
"3549","4911980",1
"3550","4916270",8
"3551","4920120",3
"3552","4924630",1
"3553","4930900",1
"3554","4931120",1
"3555","4937500",1
"3556","4939920",2
"3557","4940360",2
"3558","4943660",1
"3559","4945860",8
"3560","4947730",1
"3561","4950700",2
"3562","4955650",1
"3563","4955980",7
"3564","4957300",6
"3565","4958070",4
"3566","4960930",1
"3567","4962470",13
"3568","4965330",16
"3569","4967000",121
"3570","4970850",2
"3571","4974810",1
"3572","4975360",2
"3573","4976680",1
"3574","4977120",1
"3575","4983470",3
"3576","5003175",2
"3577","5004225",2
"3578","5004750",4
"3579","5005725",2
"3580","5007675",1
"3581","5007975",12
"3582","5008950",2
"3583","5010675",66
"3584","5013600",2
"3585","5024400",9
"3586","5033400",1
"3587","5036625",1
"3588","5037000",2
"3589","5041200",1
"3590","5042700",3
"3591","5044275",5
"3592","5045175",2
"3593","5046000",20
"3594","5046825",2
"3595","5048850",6
"3596","5058000",1
"3597","5061225",6
"3598","5061675",2
"3599","5062125",3
"3600","5064225",1
"3601","5068050",1
"3602","5074650",2
"3603","5076900",1
"3604","5085900",18
"3605","5100148",2
"3606","5101000",14
"3607","5101528",1
"3608","5101672",2
"3609","5102072",2
"3610","5103000",19
"3611","5103320",2
"3612","5103368",2
"3613","5105544",1
"3614","5106968",1
"3615","5107480",1
"3616","5107784",7
"3617","5108888",2
"3618","5109952",1
"3619","5110040",2
"3620","5111464",1
"3621","5114312",1
"3622","5114968",17
"3623","5114984",1
"3624","5116000",5
"3625","5116096",6
"3626","5116512",1
"3627","5116608",2
"3628","5118352",1
"3629","5118400",1
"3630","5119728",1
"3631","5119904",1
"3632","5120752",3
"3633","5121344",6
"3634","5123760",2
"3635","5125488",1
"3636","5126416",1
"3637","5126496",14
"3638","5127200",7
"3639","5127440",3
"3640","5128544",1
"3641","5129600",1
"3642","5129744",16
"3643","5129968",2
"3644","5130176",1
"3645","5130208",1
"3646","5131608",3
"3647","5133488",1
"3648","5135000",10
"3649","5135624",7
"3650","5136648",2
"3651","5142424",1
"3652","5142568",1
"3653","5144520",1
"3654","5144696",1
"3655","5144984",6
"3656","5145512",1
"3657","5147144",2
"3658","5147528",1
"3659","5147672",10
"3660","5148376",1
"3661","5148952",5
"3662","5149464",7
"3663","5150104",1
"3664","5156000",11
"3665","5157000",14
"3666","5157688",1
"3667","5159496",1
"3668","5161832",1
"3669","5164000",18
"3670","5164880",1
"3671","5165008",1
"3672","5165392",2
"3673","5166672",1
"3674","5166928",1
"3675","5167000",88
"3676","5168000",27
"3677","5168496",2
"3678","5169168",1
"3679","5170000",3
"3680","5170256",4
"3681","5173712",1
"3682","5174470",2
"3683","5174916",2
"3684","5175216",6
"3685","5175344",1
"3686","5175376",8
"3687","5176416",1
"3688","5176432",2
"3689","5177792",1
"3690","5179560",1
"3691","5181072",3
"3692","5182000",19
"3693","5183136",32
"3694","5183680",3
"3695","5186160",31
"3696","5186720",5
"3697","5187312",3
"3698","5187712",1
"3699","5188000",1
"3700","5300100",2
"3701","5301990",6
"3702","5302585",1
"3703","5303180",1
"3704","5303736",5
"3705","5304475",1
"3706","5305210",8
"3707","5305280",50
"3708","5307170",1
"3709","5307380",6
"3710","5307695",6
"3711","5308465",1
"3712","5308850",2
"3713","5308920",2
"3714","5309480",3
"3715","5311160",2
"3716","5311475",6
"3717","5315185",1
"3718","5315290",1
"3719","5319035",2
"3720","5320750",2
"3721","5321240",5
"3722","5322640",9
"3723","5323515",1
"3724","5323620",3
"3725","5323970",1
"3726","5325510",1
"3727","5325615",6
"3728","5326735",1
"3729","5327365",1
"3730","5327925",1
"3731","5327995",2
"3732","5329430",1
"3733","5330305",2
"3734","5331530",1
"3735","5333805",4
"3736","5335065",2
"3737","5335275",19
"3738","5335415",2
"3739","5335485",1
"3740","5335870",1
"3741","5335940",4
"3742","5336710",1
"3743","5336780",1
"3744","5337270",1
"3745","5337287",1
"3746","5337900",1
"3747","5338038",1
"3748","5338355",1
"3749","5338845",2
"3750","5339335",1
"3751","5340070",2
"3752","5340245",7
"3753","5340805",1
"3754","5340840",3
"3755","5343150",1
"3756","5345005",3
"3757","5345865",2
"3758","5346685",4
"3759","5346895",1
"3760","5347175",1
"3761","5347245",2
"3762","5347315",1
"3763","5347490",3
"3764","5347560",4
"3765","5347735",1
"3766","5348645",1
"3767","5349415",1
"3768","5349485",1
"3769","5350360",5
"3770","5350570",1
"3771","5351300",30
"3772","5351340",4
"3773","5353545",18
"3774","5355120",1
"3775","5355365",6
"3776","5355785",2
"3777","5355855",6
"3778","5355995",7
"3779","5356625",8
"3780","5356695",2
"3781","5357115",1
"3782","5357430",2
"3783","5357535",5
"3784","5357745",2
"3785","5358235",14
"3786","5358410",22
"3787","5363000",342
"3788","5363210",1
"3789","5363280",4
"3790","5363385",4
"3791","5363735",2
"3792","5363960",3
"3793","5364365",2
"3794","5365170",3
"3795","5365205",1
"3796","5367000",43
"3797","5367167",2
"3798","5367455",6
"3799","5367875",1
"3800","5370000",30
"3801","5370630",1
"3802","5371890",1
"3803","5372905",1
"3804","5373080",2
"3805","5373465",1
"3806","5374060",26
"3807","5374305",4
"3808","5375775",7
"3809","5376405",3
"3810","5377105",9
"3811","5379555",1
"3812","5379590",2
"3813","5380010",6
"3814","5400364",1
"3815","5404876",2
"3816","5405260",1
"3817","5405332",6
"3818","5408524",1
"3819","5414600",22
"3820","5414610",2
"3821","5415628",6
"3822","5424580",1
"3823","5426452",4
"3824","5427028",1
"3825","5432716",1
"3826","5439460",4
"3827","5443492",1
"3828","5444044",3
"3829","5446636",3
"3830","5448148",2
"3831","5452060",5
"3832","5455756",12
"3833","5462140",8
"3834","5463292",1
"3835","5465692",1
"3836","5468596",1
"3837","5473468",1
"3838","5475292",1
"3839","5485156",1
"3840","5485228",1
"3841","5486452",2
"3842","5487508",2
"3843","5501725",1
"3844","5502375",9
"3845","5503225",5
"3846","5503425",1
"3847","5504875",1
"3848","5505900",1
"3849","5506500",4
"3850","5509300",3
"3851","5510025",2
"3852","5510375",1
"3853","5511200",4
"3854","5513375",1
"3855","5514325",1
"3856","5518825",1
"3857","5519350",1
"3858","5519400",1
"3859","5519775",5
"3860","5520350",1
"3861","5521525",1
"3862","5522300",10
"3863","5526275",1
"3864","5527075",2
"3865","5527300",2
"3866","5528875",3
"3867","5530000",1
"3868","5531000",21
"3869","5533450",1
"3870","5534575",1
"3871","5537825",6
"3872","5537900",1
"3873","5538350",1
"3874","5539225",31
"3875","5539350",3
"3876","5539525",1
"3877","5540775",13
"3878","5541675",2
"3879","5545350",1
"3880","5548000",79
"3881","5548500",4
"3882","5548750",1
"3883","5549300",1
"3884","5549675",2
"3885","5551000",4
"3886","5551025",5
"3887","5551150",1
"3888","5551575",3
"3889","5552200",1
"3890","5553000",118
"3891","5553100",2
"3892","5553675",2
"3893","5554500",2
"3894","5554725",1
"3895","5555275",1
"3896","5555750",1
"3897","5558800",1
"3898","5559250",2
"3899","5560200",2
"3900","5560500",5
"3901","5562240",1
"3902","5562450",1
"3903","5565100",1
"3904","5565675",1
"3905","5566000",8
"3906","5566800",1
"3907","5567200",2
"3908","5567350",1
"3909","5568550",1
"3910","5569725",3
"3911","5572925",1
"3912","5572975",12
"3913","5573725",4
"3914","5574625",1
"3915","5575325",1
"3916","5575625",1
"3917","5577200",3
"3918","5577675",1
"3919","5577875",1
"3920","5578600",2
"3921","5578650",2
"3922","5578750",1
"3923","5579625",1
"3924","5580075",1
"3925","5581250",1
"3926","5581775",1
"3927","5582600",1
"3928","5582925",2
"3929","5583525",1
"3930","5583975",1
"3931","5584250",5
"3932","5584375",5
"3933","5584475",9
"3934","5584675",24
"3935","5585300",2
"3936","5585350",1
"3937","5586275",2
"3938","5586925",2
"3939","5588200",1
"3940","5613150",7
"3941","5613900",8
"3942","5615760",3
"3943","5621415",1
"3944","5631855",1
"3945","5640120",6
"3946","5644760",1
"3947","5645050",7
"3948","5661580",2
"3949","5666220",1
"3950","5667235",3
"3951","5669845",2
"3952","5677530",3
